"Page","Section","Section Description"
"Home","Navbar",""
"","Hero Header Section","A welcoming high-resolution image of Tolani Eye Hospital with a brief introduction to its mission and vision."
"","Feature Section","Presentation of hospital's commitment to excellence in eye care with a soothing and professional design."
"","Testimonial Section","Testimonials from satisfied patients and awards showcasing the hospital's credibility."
"","Services Section","Quick links and summaries to the key services offered by the hospital."
"","CTA Section","Call to Action encouraging visitors to schedule an appointment or contact the hospital for more information."
"","Footer",""
"About Us","Navbar",""
"","Header Section","Introduce the page with a high-resolution image or video that captures the essence of Tolani Eye Hospital, accompanied by an overview of its history, mission, and values."
"","About Section","Provide detailed information about the hospital's founding, with a focus on Dr. Rajesh Tolani's background, expertise in ophthalmology, and the vision behind establishing the hospital."
"","Team Section","Introduce the team of skilled ophthalmologists, optometrists, and support staff with professional photos and brief bios, highlighting their dedication to patient care."
"","Gallery Section","Showcase the hospital's state-of-the-art infrastructure, including images of advanced medical equipment and patient care facilities."
"","Stats Section","Present key statistics that illustrate the hospital's impact, such as number of patients served, successful surgeries performed, and years of operation to build trust and credibility."
"","Logo List Section","If applicable, display any affiliations, accreditations, or partnerships with recognizable logos to further establish the hospital's reputation."
"","Footer",""
"Services","Navbar",""
"","Header Section","An overview of the wide range of high-quality eye care services offered by Tolani Eye Hospital."
"","Feature Section","Detailed information on Comprehensive Eye Examinations, with emphasis on the importance of regular check-ups."
"","Feature Section","Highlight the Cataract Surgery service, outlining the hospital's advanced surgical techniques and patient care."
"","Feature Section","Explanation of Laser Vision Correction (LASIK), its benefits, and the technology used at the hospital."
"","Feature Section","An overview of Retinal Surgery procedures available, and the expertise of the surgical team."
"","Feature Section","Information on Glaucoma Treatment options, emphasizing the hospital's approach to managing this condition."
"","Feature Section","Details about Corneal Transplantation services and the cutting-edge methods employed by the hospital."
"","Feature Section","Presentation of Pediatric Ophthalmology services, focusing on specialized care for children's eye health."
"","CTA Section","A compelling Call to Action for visitors to learn more about each service or to schedule a consultation."
"","Footer",""
"Comprehensive Eye Examinations","Navbar",""
"","Header Section","An informative header introducing the Comprehensive Eye Examinations with an engaging image reflecting the service."
"","Feature Section","A detailed description of what a comprehensive eye examination entails, including the procedures and tests conducted during the exam."
"","Benefits Section","Highlights the benefits of regular comprehensive eye examinations, such as early detection of eye conditions and maintaining overall eye health."
"","How It Works Section","A step-by-step guide to the comprehensive eye examination process, providing patients with a clear understanding of what to expect."
"","FAQ Section","Answers to frequently asked questions about comprehensive eye examinations to address common patient concerns and queries."
"","CTA Section","A call-to-action for patients to schedule their comprehensive eye examination, with a link to the appointment booking page or contact information."
"","Footer",""
"Cataract Surgery","Navbar",""
"","Header Section","Introduction to cataract surgery at Tolani Eye Hospital, including an overview of the procedure and its benefits."
"","Feature Section","Explanation of the signs and symptoms of cataracts, and how surgery can resolve these issues."
"","Benefits Section","Detailed benefits of choosing Tolani Eye Hospital for cataract surgery, such as advanced technology and experienced surgeons."
"","How It Works Section","Step-by-step breakdown of the cataract surgery process from pre-operative assessment to post-operative care."
"","Features List Section","List of state-of-the-art equipment and techniques used during cataract surgery at the hospital."
"","FAQ Section","Frequently asked questions about cataract surgery, addressing common patient concerns and queries."
"","Contact Form Section","Contact form for patients to request further information or schedule a consultation for cataract surgery."
"","CTA Section","Call to Action for patients to book an appointment for cataract surgery evaluation."
"","Footer",""
"Laser Vision Correction (LASIK)","Navbar",""
"","Header Section","An introduction to LASIK surgery at Tolani Eye Hospital, highlighting the state-of-the-art technology and expertise of the surgeons."
"","Feature Section","Detailed information on how LASIK works, the benefits, and what patients can expect from the procedure."
"","Benefits Section","A comprehensive list of benefits of choosing LASIK surgery for vision correction at Tolani Eye Hospital."
"","How It Works Section","A step-by-step guide through the LASIK procedure process from pre-surgery preparation to post-operation care."
"","Testimonial Section","Patient testimonials sharing their successful LASIK surgery experiences at the hospital."
"","Pricing Section","Information on the cost of LASIK surgery, available financing options and insurance coverage details."
"","CTA Section","A call to action for visitors to book a consultation to determine their candidacy for LASIK surgery."
"","Contact Form Section","A section with a form for patients to request more information or schedule an appointment for LASIK surgery."
"","FAQ Section","Frequently asked questions about LASIK, addressing common concerns and providing additional information to prospective patients."
"","Footer",""
"Retinal Surgery","Navbar",""
"","Project Item Header Section","This section will feature an engaging title and an image related to retinal surgery to introduce the service."
"","Feature Section","A detailed explanation of what retinal surgery is, the types of conditions it can address, and how it can help patients."
"","Benefits Section","A breakdown of the benefits of undergoing retinal surgery at Tolani Eye Hospital, such as improved vision and quality of life."
"","Features List Section","A list of the different retinal surgery procedures offered, such as vitrectomy, scleral buckle, and laser repair."
"","How It Works Section","A step-by-step guide to the process of diagnosis, preparation, the surgery itself, and post-operative care."
"","FAQ Section","Answers to frequently asked questions regarding retinal surgery to help patients feel informed and at ease."
"","Contact Form Section","A section providing a contact form for patients who wish to learn more or schedule a consultation for retinal surgery."
"","Footer",""
"Glaucoma Treatment","Navbar",""
"","Header Section","Introduction to the Glaucoma Treatment page, outlining the importance of specialized care in managing glaucoma."
"","Feature Section","Detailed information on the types of glaucoma treatments available at Tolani Eye Hospital, such as medication, laser therapy, and surgery."
"","How It Works Section","Explanation of how different glaucoma treatments work to lower eye pressure and protect vision."
"","Benefits Section","Highlights the benefits of receiving glaucoma treatment at Tolani Eye Hospital, emphasizing on the state-of-the-art facilities and expert medical team."
"","Ecommerce Product Section","Provide information on any specialized equipment or products available for purchase that assist in the treatment or management of glaucoma, if applicable."
"","FAQ Section","A list of frequently asked questions regarding glaucoma, addressing common patient concerns and providing educational content on the condition."
"","CTA Section","Call to Action for visitors to schedule a consultation for glaucoma evaluation and treatment."
"","Contact Section","Contact information for the ophthalmology department, offering assistance and support for patients seeking glaucoma treatment services."
"","Footer",""
"Corneal Transplantation","Navbar",""
"","Header Section","An introductory section with a title about Corneal Transplantation services at Tolani Eye Hospital."
"","Feature Section","Detailed information on the corneal transplantation procedure, including the types of transplants offered."
"","Benefits Section","Explanation of the benefits and potential outcomes of corneal transplantation for patients."
"","How It Works Section","A step-by-step guide on how corneal transplantation is performed at Tolani Eye Hospital."
"","FAQ Section","A list of frequently asked questions to address common patient concerns regarding the procedure."
"","Testimonial Section","Patient testimonials specifically related to corneal transplantation surgeries conducted at the hospital."
"","CTA Section","A call to action for patients to get in touch with the hospital to learn more or to schedule a consultation."
"","Footer",""
"Pediatric Ophthalmology","Navbar",""
"","Header Section","An introductory section that provides an overview of pediatric ophthalmology services at Tolani Eye Hospital, including a welcoming image of the pediatric care area or a friendly interaction between a doctor and a young patient."
"","Feature Section","A detailed description of the pediatric ophthalmology service, emphasizing the expertise of the hospital in treating young patients and the child-friendly environment."
"","Benefits Section","A section outlining the benefits of choosing Tolani Eye Hospital for pediatric eye care, such as specialized pediatric ophthalmologists, state-of-the-art equipment, and a supportive atmosphere for children and parents."
"","Features List Section","A list of common pediatric eye conditions treated at the hospital, such as strabismus, amblyopia, and congenital cataracts, with brief explanations of each."
"","How It Works Section","An explanation of the process for pediatric eye examinations and treatments, including information on what parents and children can expect during their visit."
"","FAQ Section","A section dedicated to answering frequently asked questions that parents might have about pediatric ophthalmology and eye care for children."
"","CTA Section","A call to action prompting parents to schedule an appointment for their child or to speak with a pediatric ophthalmology specialist for more information."
"","Footer",""
"Research and Innovations","Navbar",""
"","Header Section","Introduce Tolani Eye Hospital's dedication to pioneering research and innovation in ophthalmology."
"","Feature Section","Highlight the hospital's latest research projects and clinical trials that are contributing to advancements in eye care."
"","Feature Section","Detail collaborations with academic institutions, industry partners, and how these relationships bolster the hospital's research capabilities."
"","Feature Section","Showcase breakthrough treatments, technologies, or techniques developed or adopted by Tolani Eye Hospital, emphasizing their impact on patient care."
"","Pricing Section","If applicable, provide information about the cost or funding of research initiatives and how patients can participate or benefit from them."
"","Testimonial Section","Include testimonials from patients or professionals who have benefited from the hospital's research and innovations."
"","CTA Section","Invite visitors to learn more about specific research projects, inquire about participation, or support the hospital's research efforts through donations or partnerships."
"","Footer",""
"Book an Appointment","Navbar",""
"","Header Section","An introduction to the appointment booking process, emphasizing the ease and convenience for patients."
"","Application Form Section","The main appointment booking form allowing patients to select the date and time for their visit."
"","Application Form Section","A dropdown or selection list for patients to choose their preferred doctor from the hospital's team of specialists."
"","Application Form Section","Integration of online payment options, including UPI, QR code, and online banking, for securing the appointment."
"","FAQ Section","A list of frequently asked questions related to appointments, such as cancellation policy, preparation for visit, and what to bring."
"","Footer",""
"Patient Resources","Navbar",""
"","Header Section","An informative header introducing the Patient Resources section, highlighting the support available to patients."
"","FAQ Section","A comprehensive list of frequently asked questions with detailed answers about common eye conditions and treatments."
"","Resource Item Body Section","Educational articles and videos focused on eye health, prevention, and care tips for patients."
"","Pricing Section","Clear information on insurance coverage, payment options, and financial assistance programs for patients."
"","Application Form Section","Online forms including pre-operative and post-operative care instructions, and an appointment scheduling tool for patient convenience."
"","Footer",""
"Contact Us","Navbar",""
"","Header Section","Introduction to the contact page with a friendly greeting and an encouragement to reach out for any inquiries or assistance."
"","Contact Form Section","A contact form for visitors to fill out with their name, email, phone number, and message to the hospital's administration."
"","Contact Section","List of various contact information including phone numbers for appointments, general inquiries, and emergency services, as well as the hospital's email address."
"","Locations Section","Hospital's physical address, detailed directions, and a map to assist visitors in finding the hospital's location."
"","Gallery Section","Images of the hospital's exterior and interior to provide visual guidance for visitors."
"","Logo List Section","Links to Tolani Eye Hospital's social media platforms like Facebook, Twitter, and LinkedIn for visitors to connect with the hospital online."
"","Footer",""